{
    "setup":{
        "titleKey":"ADMIN_SITE_SETUP_TITLE",
        "descriptionKey":"ADMIN_SITE_SETUP_DESCRIPTION",
        "sectiontype":"fields",
        "fields":{
            "SITE_NAME":{"labelKey":"ADMIN_SITE_SETUP_SITE_NAME_TITLE","type":"text","config":"site","descriptionKey":"ADMIN_SITE_SETUP_SITE_NAME_DESCRIPTION","section":"strings"},
            "ORGANIZATION_NAME":{"labelKey":"ADMIN_SITE_SETUP_ORGANIZATION_NAME_TITLE","type":"text","config":"site", "descriptionKey":"ADMIN_SITE_SETUP_ORGANIZATION_NAME_DESCRIPTION","section":"strings"},
            "LANGUAGES":{"labelKey":"ADMIN_SITE_SETUP_LANGUAGE_TITLE","type":"select","config":"site","optionsMethod":["Kurogo","getAvailableLanguages"],"descriptionKey":"ADMIN_SITE_SETUP_LANGUAGE_DESCRIPTION","section":"site settings","placeholder":"en_US","optionsFirst":"-- Choose --"},
            "LOCAL_TIMEZONE":{"labelKey":"ADMIN_SITE_SETUP_LOCAL_TIMEZONE_TITLE","type":"select","config":"site","optionsMethod":["Calendar","getTimeZones"],"descriptionKey":"ADMIN_SITE_SETUP_LOCAL_TIMEZONE_DESCRIPTION","section":"site settings"},
            "LOCAL_AREA_CODE":{"labelKey":"ADMIN_SITE_SETUP_LOCAL_AREA_CODE_TITLE","type":"text","config":"site","descriptionKey":"ADMIN_SITE_SETUP_LOCAL_AREA_CODE_DESCRIPTION","section":"site settings"},
            "AUTODETECT_PHONE_NUMBERS":{"labelKey":"ADMIN_SITE_SETUP_AUTODETECT_PHONE_TITLE","type":"checkbox","config":"site","descriptionKey":"ADMIN_SITE_SETUP_AUTODETECT_PHONE_DESCRIPTION","section":"site settings"}
        }
    },
    "modules":{
        "titleKey":"ADMIN_SITE_MODULES_TITLE",
        "descriptionKey":"ADMIN_SITE_MODULES_DESCRIPTION",
        "sectiontype":"fields",
        "fields":{
            "DEFAULT":{"labelKey":"ADMIN_SITE_MODULES_DEFAULT_TITLE","type":"select","optionsMethod":["WebModule","getAllModuleNames"],"config":"site","descriptionKey":"ADMIN_SITE_MODULES_DEFAULT_DESCRIPTION","section":"urls"}
        }
    },
    "security":{
        "titleKey":"ADMIN_SITE_SECURITY_TITLE",
        "descriptionKey":"ADMIN_SITE_SECURITY_DESCRIPTION",
        "sectiontype":"fields",
        "fields":{
            "SECURE_REQUIRED":{"labelKey":"ADMIN_SITE_SECURITY_REQUIRED_TITLE","type":"checkbox","config":"site","descriptionKey":"ADMIN_SITE_SECURITY_REQUIRED_DESCRIPTION","section":"site settings"},
            "SECURE_HOST":{"labelKey":"ADMIN_SITE_SECURITY_HOST_TITLE","type":"text","config":"site","descriptionKey":"ADMIN_SITE_SECURITY_HOST_DESCRIPTION","section":"site settings"},
            "SECURE_PORT":{"labelKey":"ADMIN_SITE_SECURITY_PORT_TITLE","type":"text","config":"site","descriptionKey":"ADMIN_SITE_SECURITY_PORT_DESCRIPTION","section":"site settings"}
        }
    },
    "theme":{
        "titleKey":"ADMIN_SITE_THEME_TITLE",
        "descriptionKey":"ADMIN_SITE_THEME_DESCRIPTION",
        "sectiontype":"fields",
        "fields":{
            "TABLET_ENABLED":{"labelKey":"ADMIN_SITE_THEME_TABLET_ENABLED_TITLE","type":"checkbox","config":"site","descriptionKey":"ADMIN_SITE_THEME_TABLET_ENABLED_DESCRIPTION","section":"themes"}
        }
    },
    "detection":{
        "titleKey":"ADMIN_SITE_DETECTION_TITLE",
        "descriptionKey":"ADMIN_SITE_DETECTION_DESCRIPTION",
        "sectiontype":"fields",
        "fields":{
            "MOBI_SERVICE_VERSION":{"labelKey":"ADMIN_SITE_DETECTION_VERSION_TITLE","type":"select","config":"site","options":{"1":"1","2":"2","3":"3"},"descriptionKey":"ADMIN_SITE_DETECTION_VERSION_DESCRIPTION","section":"device_detection"},
            "MOBI_SERVICE_USE_EXTERNAL":{"labelKey":"ADMIN_SITE_DETECTION_EXTERNAL_TITLE","type":"select","optionsMethod":["DeviceClassifier","getDeviceDetectionTypes"],"config":"site","descriptionKey":"ADMIN_SITE_DETECTION_EXTERNAL_DESCRIPTION","section":"device_detection"},
            "MOBI_SERVICE_FILE":{"labelKey":"ADMIN_SITE_DETECTION_FILE_TITLE","type":"file","config":"site","descriptionKey":"ADMIN_SITE_DETECTION_FILE_DESCRIPTION","section":"device_detection","showIf":["MOBI_SERVICE_USE_EXTERNAL","0"]},
            "MOBI_SERVICE_URL":{"labelKey":"ADMIN_SITE_DETECTION_URL_TITLE","type":"text","config":"site","descriptionKey":"ADMIN_SITE_DETECTION_URL_DESCRIPTION","section":"device_detection","showIf":["MOBI_SERVICE_USE_EXTERNAL","1"]},
            "MOBI_SERVICE_CACHE_LIFETIME":{"labelKey":"ADMIN_SITE_DETECTION_CACHE_TITLE","type":"select","optionsMethod":["Kurogo","getLifetimeOptions"],"config":"site","descriptionKey":"ADMIN_SITE_DETECTION_CACHE_DESCRIPTION","section":"device_detection","showIf":["MOBI_SERVICE_USE_EXTERNAL","1"]}
        }
    },
    "error":{
        "titleKey":"ADMIN_SITE_ERROR_TITLE",
        "descriptionKey":"ADMIN_SITE_ERROR_DESCRIPTION",
        "sectiontype":"fields",
        "fields":{
            "DEFAULT_LOGGING_LEVEL":{"labelKey":"ADMIN_SITE_ERROR_LOGGING_LEVEL_TITLE","type":"select","optionsMethod":["KurogoLog","getPriorities"],"config":"site","descriptionKey":"ADMIN_SITE_ERROR_LOGGING_LEVEL_DESCRIPTION","section":"error_handling_and_debugging"},
            "DISPLAY_ERRORS":{"labelKey":"ADMIN_SITE_ERROR_DISPLAY_TITLE","type":"checkbox","config":"site","descriptionKey":"ADMIN_SITE_ERROR_DISPLAY_DESCRIPTION","section":"error_handling_and_debugging"},
            "DEVICE_DEBUG":{"labelKey":"ADMIN_SITE_ERROR_DEVICE_TITLE","type":"checkbox","config":"site","descriptionKey":"ADMIN_SITE_ERROR_DEVICE_DESCRIPTION","section":"error_handling_and_debugging"},
            "MODULE_DEBUG":{"labelKey":"ADMIN_SITE_ERROR_MODULE_TITLE","type":"checkbox","config":"site","descriptionKey":"ADMIN_SITE_ERROR_MODULE_DESCRIPTION","section":"error_handling_and_debugging"},
            "MINIFY_DEBUG":{"labelKey":"ADMIN_SITE_ERROR_MINIFY_TITLE","type":"checkbox","config":"site","descriptionKey":"ADMIN_SITE_ERROR_MINIFY_DESCRIPTION","section":"error_handling_and_debugging"},
            "DEVICE_DETECTION_DEBUG":{"labelKey":"ADMIN_SITE_ERROR_DETECTION_TITLE","type":"checkbox","config":"site","descriptionKey":"ADMIN_SITE_ERROR_DETECTION_DESCRIPTION","section":"error_handling_and_debugging"},
            "PRODUCTION_ERROR_HANDLER_ENABLED":{"labelKey":"ADMIN_SITE_ERROR_PRODUCTION_HANDLER_TITLE","type":"checkbox","config":"site","descriptionKey":"ADMIN_SITE_ERROR_PRODUCTION_HANDLER_DESCRIPTION","section":"error_handling_and_debugging"},
            "DEVELOPER_EMAIL":{"labelKey":"ADMIN_SITE_ERROR_DEVELOPER_EMAIL_TITLE","type":"text","config":"site","descriptionKey":"ADMIN_SITE_ERROR_DEVELOPER_EMAIL_DESCRIPTION","section":"error_handling_and_debugging","showIf":["PRODUCTION_ERROR_HANDLER_ENABLED","1"]}
        }
    },
    "database":{
        "titleKey":"ADMIN_SITE_DATABASE_TITLE",
        "descriptionKey":"ADMIN_SITE_DATABASE_DESCRIPTION",
        "sectiontype":"fields",
        "fields":{
            "DB_TYPE":{"labelKey":"ADMIN_SITE_DATABASE_TYPE_TITLE","type":"select","config":"site","optionsMethod":["db","getDBTypes"],"descriptionKey":"ADMIN_SITE_DATABASE_TYPE_DESCRIPTION","section":"database"},
            "DB_HOST":{"labelKey":"ADMIN_SITE_DATABASE_HOST_TITLE","type":"text","config":"site","descriptionKey":"ADMIN_SITE_DATABASE_HOST_DESCRIPTION","section":"database","showIf":["DB_TYPE",["mysql","pgsql","mssql"]]},
            "DB_USER":{"labelKey":"ADMIN_SITE_DATABASE_USER_TITLE","type":"text","config":"site","descriptionKey":"ADMIN_SITE_DATABASE_USER_DESCRIPTION","section":"database","showIf":["DB_TYPE",["mysql","pgsql","mssql"]]},
            "DB_PASS":{"labelKey":"ADMIN_SITE_DATABASE_PASS_TITLE","type":"password","config":"site","descriptionKey":"ADMIN_SITE_DATABASE_PASS_DESCRIPTION","section":"database","showIf":["DB_TYPE",["mysql","pgsql","mssql"]]},
            "DB_DBNAME":{"labelKey":"ADMIN_SITE_DATABASE_DBNAME_TITLE","type":"text","config":"site","descriptionKey":"ADMIN_SITE_DATABASE_DBNAME_DESCRIPTION","section":"database","showIf":["DB_TYPE",["mysql","pgsql","mssql"]]},
            "DB_FILE":{"labelKey":"ADMIN_SITE_DATABASE_FILE_TITLE","type":"file","config":"site","descriptionKey":"ADMIN_SITE_DATABASE_FILE_DESCRIPTION","section":"database","showIf":["DB_TYPE",["sqlite"]]}
        }
    },
    "cookies":{
        "titleKey":"ADMIN_SITE_COOKIES_TITLE",
        "descriptionKey":"ADMIN_SITE_COOKIES_DESCRIPTION",
        "sectiontype":"fields",
        "fields":{
            "MODULE_ORDER_COOKIE_LIFESPAN":{"labelKey":"ADMIN_SITE_COOKIES_MODULE_ORDER_TITLE","type":"select","optionsMethod":["Kurogo","getLifetimeOptions"],"config":"site","descriptionKey":"ADMIN_SITE_COOKIES_MODULE_ORDER_DESCRIPTION","section":"cookies"},
            "LAYOUT_COOKIE_LIFESPAN":{"labelKey":"ADMIN_SITE_COOKIES_LAYOUT_TITLE","type":"select","optionsMethod":["Kurogo","getLifetimeOptions"],"config":"site","descriptionKey":"ADMIN_SITE_COOKIES_LAYOUT_DESCRIPTION","section":"cookies"},
            "BOOKMARK_COOKIE_LIFESPAN":{"labelKey":"ADMIN_SITE_COOKIES_BOOKMARK_TITLE","type":"select","optionsMethod":["Kurogo","getLifetimeOptions"],"config":"site","descriptionKey":"ADMIN_SITE_COOKIES_BOOKMARK_DESCRIPTION","section":"cookies"},
            "DEVICE_DETECTION_COOKIE_LIFESPAN":{"labelKey":"ADMIN_SITE_COOKIES_DEVICE_DETECTION_TITLE","type":"select","optionsMethod":["Kurogo","getLifetimeOptions"],"config":"site","descriptionKey":"ADMIN_SITE_COOKIES_DEVICE_DETECTION_DESCRIPTION","section":"cookies"}
        }
    },
    "authentication": {
        "titleKey":"ADMIN_SITE_AUTHENTICATION_TITLE",
        "descriptionKey":"ADMIN_SITE_AUTHENTICATION_DESCRIPTION",
        "sectiontype":"sections",
        "sections": {
            "authentication":{
                "titleKey":"ADMIN_SITE_AUTHENTICATION_AUTH_TITLE",
                "descriptionKey":"ADMIN_SITE_AUTHENTICATION_AUTH_DESCRIPTION",
                "sectiontype":"fields",
                "fields":{
                    "AUTHENTICATION_ENABLED":{"labelKey":"ADMIN_SITE_AUTHENTICATION_ENABLED_TITLE","type":"checkbox","config":"site","descriptionKey":"ADMIN_SITE_AUTHENTICATION_ENABLED_DESCRIPTION","section":"authentication"},
                    "AUTHENTIATION_ADMIN_WARNING":{"labelKey":"ADMIN_SITE_AUTHENTICATION_WARNING_TITLE","type":"label","valueKey":"ADMIN_SITE_AUTHENTICATION_WARNING_DESCRIPTION","showIf":["AUTHENTICATION_ENABLED","0"]},
                    "AUTHENTICATION_IDLE_TIMEOUT":{"labelKey":"ADMIN_SITE_AUTHENTICATION_IDLE_TITLE","type":"select","optionsMethod":["Kurogo","getLifetimeOptions"],"config":"site","descriptionKey":"ADMIN_SITE_AUTHENTICATION_IDLE_DESCRIPTION","section":"authentication","showIf":["AUTHENTICATION_ENABLED","1"]},
                    "AUTHENTICATION_SESSION_CLASS":{"labelKey":"ADMIN_SITE_AUTHENTICATION_SESSION_CLASS_TITLE","type":"select","config":"site","optionsMethod":["Session","getSessionClasses"],"descriptionKey":"ADMIN_SITE_AUTHENTICATION_SESSION_CLASS_DESCRIPTION","section":"authentication","showIf":["AUTHENTICATION_ENABLED","1"]},
                    "AUTHENTICATION_REMAIN_LOGGED_IN_TIME":{"labelKey":"ADMIN_SITE_AUTHENTICATION_LOGGED_IN_TITLE","type":"select","optionsMethod":["Kurogo","getLifetimeOptions"],"config":"site","descriptionKey":"ADMIN_SITE_AUTHENTICATION_LOGGED_IN_DESCRIPTION","section":"authentication","showIf":["AUTHENTICATION_ENABLED","1"]}
                }
            },
            "authorities": {
                "titleKey":"ADMIN_SITE_AUTHENTICATION_AUTHORITY_TITLE",
                "descriptionKey":"ADMIN_SITE_AUTHENTICATION_AUTHORITY_DESCRIPTION",
                "config":"authentication",
                "sectiontype":"section",
                "fields":{
                    "TITLE":{"labelKey":"ADMIN_SITE_AUTHENTICATION_AUTHORITY_TITLE_TITLE", "descriptionKey":"ADMIN_SITE_AUTHENTICATION_AUTHORITY_TITLE_DESCRIPTION", "type":"text","placeholder":"Title"},
                    "CONTROLLER_CLASS":{"labelKey":"ADMIN_SITE_AUTHENTICATION_AUTHORITY_CONTROLLER_TITLE", "descriptionKey":"ADMIN_SITE_AUTHENTICATION_AUTHORITY_CONTROLLER_DESCRIPTION", "type":"select","optionsFirst":"-- Choose --","optionsMethod":["AuthenticationAuthority","getInstalledAuthentiationAuthorities"]},
                    "USER_LOGIN":{"labelKey":"ADMIN_SITE_AUTHENTICATION_AUTHORITY_LOGIN_TITLE","type":"select","descriptionKey":"ADMIN_SITE_AUTHENTICATION_AUTHORITY_LOGIN_DESCRIPTION","options":{"FORM":"Direct","LINK":"Indirect","NONE":"None (Group Only)"},"showIf":["CONTROLLER_CLASS","*"]},
                    "PASSWD_DESCRIPTION":{"labelKey":"ADMIN_SITE_AUTHENTICATION_AUTHORITY_DESCRIPTION_TITLE","type":"label","valueKey":"ADMIN_SITE_AUTHENTICATION_AUTHORITY_PASSWD_DESCRIPTION","showIf":["CONTROLLER_CLASS","PasswdAuthentication"]},
                    "PASSWD_USER_FILE":{"labelKey":"ADMIN_SITE_AUTHENTICATION_AUTHORITY_PASSWD_USER_TITLE","descriptionKey":"ADMIN_SITE_AUTHENTICATION_AUTHORITY_PASSWD_USER_DESCRIPTION","type":"file","showIf":["CONTROLLER_CLASS","PasswdAuthentication"],"omitBlankValue":true},
                    "PASSWD_GROUP_FILE":{"labelKey":"ADMIN_SITE_AUTHENTICATION_AUTHORITY_PASSWD_GROUP_TITLE","type":"file","descriptionKey":"ADMIN_SITE_AUTHENTICATION_AUTHORITY_PASSWD_GROUP_DESCRIPTION","showIf":["CONTROLLER_CLASS","PasswdAuthentication"],"omitBlankValue":true},
                    "DB_DESCRIPTION":{"labelKey":"ADMIN_SITE_AUTHENTICATION_AUTHORITY_DESCRIPTION_TITLE","type":"label","valueKey":"ADMIN_SITE_AUTHENTICATION_AUTHORITY_DB_DESCRIPTION","showIf":["CONTROLLER_CLASS","DatabaseAuthentication"]},
                    "DB_TYPE":{"labelKey":"ADMIN_SITE_AUTHENTICATION_AUTHORITY_DB_TYPE_TITLE","type":"select","descriptionKey":"ADMIN_SITE_AUTHENTICATION_AUTHORITY_DB_TYPE_DESCRIPTION","options":{"":"Default","mysql":"MySQL","sqlite":"SQLite"},"showIf":["CONTROLLER_CLASS","DatabaseAuthentication"],"omitBlankValue":true},
                    "DB_HOST":{"labelKey":"ADMIN_SITE_AUTHENTICATION_AUTHORITY_DB_HOST_TITLE","type":"text","descriptionKey":"ADMIN_SITE_AUTHENTICATION_AUTHORITY_DB_HOST_DESCRIPTION","showIf":["CONTROLLER_CLASS","DatabaseAuthentication","DB_TYPE","mysql"],"omitBlankValue":true},
                    "DB_USER":{"labelKey":"ADMIN_SITE_AUTHENTICATION_AUTHORITY_DB_USER_TITLE","type":"text","descriptionKey":"ADMIN_SITE_AUTHENTICATION_AUTHORITY_DB_USER_DESCRIPTION","showIf":["CONTROLLER_CLASS","DatabaseAuthentication","DB_TYPE","mysql"],"omitBlankValue":true},
                    "DB_PASS":{"labelKey":"ADMIN_SITE_AUTHENTICATION_AUTHORITY_DB_PASS_TITLE","type":"password","descriptionKey":"ADMIN_SITE_AUTHENTICATION_AUTHORITY_DB_PASS_DESCRIPTION","showIf":["CONTROLLER_CLASS","DatabaseAuthentication","DB_TYPE","mysql"],"omitBlankValue":true},
                    "DB_DBNAME":{"labelKey":"ADMIN_SITE_AUTHENTICATION_AUTHORITY_DB_DBNAME_TITLE","type":"text","descriptionKey":"ADMIN_SITE_AUTHENTICATION_AUTHORITY_DB_DBNAME_DESCRIPTION","showIf":["CONTROLLER_CLASS","DatabaseAuthentication","DB_TYPE","mysql"],"placeholder":"default","omitBlankValue":true},
                    "DB_FILE":{"labelKey":"ADMIN_SITE_AUTHENTICATION_AUTHORITY_DB_FILE_TITLE","type":"file","descriptionKey":"ADMIN_SITE_AUTHENTICATION_AUTHORITY_DB_FILE_DESCRIPTION","showIf":["CONTROLLER_CLASS","DatabaseAuthentication","DB_TYPE","sqlite"],"omitBlankValue":true},
                    "DB_USER_TABLE":{"labelKey":"ADMIN_SITE_AUTHENTICATION_AUTHORITY_DB_USER_TABLE_TITLE","type":"text","descriptionKey":"ADMIN_SITE_AUTHENTICATION_AUTHORITY_DB_USER_TABLE_DESCRIPTION","showIf":["CONTROLLER_CLASS","DatabaseAuthentication"],"placeholder":"users","omitBlankValue":true},
                    "DB_GROUP_TABLE":{"labelKey":"ADMIN_SITE_AUTHENTICATION_AUTHORITY_DB_GROUP_TABLE_TITLE","type":"text","descriptionKey":"ADMIN_SITE_AUTHENTICATION_AUTHORITY_DB_GROUP_TABLE_DESCRIPTION","showIf":["CONTROLLER_CLASS","DatabaseAuthentication"],"placeholder":"groups","omitBlankValue":true},
                    "DB_GROUPMEMBERS_TABLE":{"labelKey":"ADMIN_SITE_AUTHENTICATION_AUTHORITY_DB_GROUPMEMBERS_TABLE_TITLE","type":"text","descriptionKey":"ADMIN_SITE_AUTHENTICATION_AUTHORITY_DB_GROUPMEMBERS_TABLE_DESCRIPTION","showIf":["CONTROLLER_CLASS","DatabaseAuthentication"],"placeholder":"groupmembers","omitBlankValue":true},
                    "DB_USER_USERID_FIELD":{"labelKey":"ADMIN_SITE_AUTHENTICATION_AUTHORITY_DB_USERID_TITLE","type":"text","descriptionKey":"ADMIN_SITE_AUTHENTICATION_AUTHORITY_DB_USERID_DESCRIPTION","showIf":["CONTROLLER_CLASS","DatabaseAuthentication"],"placeholder":"userID","omitBlankValue":true},
                    "DB_USER_PASSWORD_FIELD":{"labelKey":"ADMIN_SITE_AUTHENTICATION_AUTHORITY_DB_PASSWORD_FIELD_TITLE","descriptionKey":"ADMIN_SITE_AUTHENTICATION_AUTHORITY_DB_PASSWORD_FIELD_DESCRIPTION","type":"text","showIf":["CONTROLLER_CLASS","DatabaseAuthentication"],"placeholder":"password","omitBlankValue":true},
                    "DB_USER_PASSWORD_HASH":{"labelKey":"ADMIN_SITE_AUTHENTICATION_AUTHORITY_DB_PASSWORD_HASH_TITLE","type":"select","optionsMethod":["Kurogo","getHashAlgos"],"descriptionKey":"ADMIN_SITE_AUTHENTICATION_AUTHORITY_DB_PASSWORD_HASH_DESCRIPTION","showIf":["CONTROLLER_CLASS","DatabaseAuthentication"],"default":"md5","omitBlankValue":true},
                    "DB_USER_PASSWORD_SALT":{"labelKey":"ADMIN_SITE_AUTHENTICATION_AUTHORITY_DB_PASSWORD_SALT_TITLE","type":"text","descriptionKey":"ADMIN_SITE_AUTHENTICATION_AUTHORITY_DB_PASSWORD_SALT_DESCRIPTION","showIf":["CONTROLLER_CLASS","DatabaseAuthentication"],"placeholder":"","omitBlankValue":true},
                    "DB_USER_EMAIL_FIELD":{"labelKey":"ADMIN_SITE_AUTHENTICATION_AUTHORITY_DB_EMAIL_FIELD_TITLE","type":"text","descriptionKey":"ADMIN_SITE_AUTHENTICATION_AUTHORITY_DB_EMAIL_FIELD_DESCRIPTION","showIf":["CONTROLLER_CLASS","DatabaseAuthentication"],"placeholder":"email","omitBlankValue":true},
                    "DB_USER_FIRSTNAME_FIELD":{"labelKey":"ADMIN_SITE_AUTHENTICATION_AUTHORITY_DB_FIRSTNAME_FIELD_TITLE","type":"text","descriptionKey":"ADMIN_SITE_AUTHENTICATION_AUTHORITY_DB_FIRSTNAME_FIELD_DESCRIPTION","showIf":["CONTROLLER_CLASS","DatabaseAuthentication"],"placeholder":"firstname","omitBlankValue":true},
                    "DB_USER_LASTNAME_FIELD":{"labelKey":"ADMIN_SITE_AUTHENTICATION_AUTHORITY_DB_LASTNAME_FIELD_TITLE","type":"text","descriptionKey":"ADMIN_SITE_AUTHENTICATION_AUTHORITY_DB_LASTNAME_FIELD_DESCRIPTION","showIf":["CONTROLLER_CLASS","DatabaseAuthentication"],"placeholder":"lastname","omitBlankValue":true},
                    "DB_USER_FULLNAME_FIELD":{"labelKey":"ADMIN_SITE_AUTHENTICATION_AUTHORITY_DB_FULLNAME_FIELD_TITLE","type":"text","descriptionKey":"ADMIN_SITE_AUTHENTICATION_AUTHORITY_DB_FULLNAME_FIELD_DESCRIPTION","showIf":["CONTROLLER_CLASS","DatabaseAuthentication"],"placeholder":"fullname","omitBlankValue":true},
                    "DB_GROUP_GROUPNAME_FIELD":{"labelKey":"ADMIN_SITE_AUTHENTICATION_AUTHORITY_DB_GROUPNAME_FIELD_TITLE","type":"text","descriptionKey":"ADMIN_SITE_AUTHENTICATION_AUTHORITY_DB_GROUPNAME_FIELD_DESCRIPTION","showIf":["CONTROLLER_CLASS","DatabaseAuthentication"],"placeholder":"group","omitBlankValue":true},
                    "DB_GROUP_GID_FIELD":{"labelKey":"ADMIN_SITE_AUTHENTICATION_AUTHORITY_DB_GID_FIELD_TITLE","type":"text","descriptionKey":"ADMIN_SITE_AUTHENTICATION_AUTHORITY_DB_GID_FIELD_DESCRIPTION","showIf":["CONTROLLER_CLASS","DatabaseAuthentication"],"placeholder":"gid","omitBlankValue":true},
                    "DB_GROUPMEMBER_GROUP_FIELD":{"labelKey":"ADMIN_SITE_AUTHENTICATION_AUTHORITY_DB_GROUP_FIELD_TITLE","type":"text","descriptionKey":"ADMIN_SITE_AUTHENTICATION_AUTHORITY_DB_GROUP_FIELD_DESCRIPTION","showIf":["CONTROLLER_CLASS","DatabaseAuthentication"],"placeholder":"gid","omitBlankValue":true},
                    "DB_GROUPMEMBER_USER_FIELD":{"labelKey":"ADMIN_SITE_AUTHENTICATION_AUTHORITY_DB_GROUPUSER_FIELD_TITLE","type":"text","descriptionKey":"ADMIN_SITE_AUTHENTICATION_AUTHORITY_DB_GROUPUSER_FIELD_DESCRIPTION","showIf":["CONTROLLER_CLASS","DatabaseAuthentication"],"placeholder":"userID","omitBlankValue":true},
                    "DB_GROUPMEMBER_AUTHORITY_FIELD":{"labelKey":"ADMIN_SITE_AUTHENTICATION_AUTHORITY_DB_GROUPAUTHORITY_FIELD_TITLE","type":"text","descriptionKey":"ADMIN_SITE_AUTHENTICATION_AUTHORITY_DB_GROUPAUTHORITY_FIELD_DESCRIPTION","showIf":["CONTROLLER_CLASS","DatabaseAuthentication"],"placeholder":"","omitBlankValue":true},
                    "DB_GROUP_GROUPMEMBER_PROPERTY":{"labelKey":"ADMIN_SITE_AUTHENTICATION_AUTHORITY_DB_GROUPMEMBER_FIELD_TITLE","type":"select","options":{"gid":"Group ID","group":"Group short name"},"descriptionKey":"ADMIN_SITE_AUTHENTICATION_AUTHORITY_DB_GROUPMEMBER_FIELD_DESCRIPTION","showIf":["CONTROLLER_CLASS","DatabaseAuthentication"],"default":"gid","omitBlankValue":true},
                    "AD_DESCRIPTION":{"labelKey":"ADMIN_SITE_AUTHENTICATION_AUTHORITY_DESCRIPTION_TITLE","type":"label","valueKey":"ADMIN_SITE_AUTHENTICATION_AUTHORITY_AD_DESCRIPTION","showIf":["CONTROLLER_CLASS","ActiveDirectoryAuthentication"]},
                    "LDAP_DESCRIPTION":{"labelKey":"ADMIN_SITE_AUTHENTICATION_AUTHORITY_DESCRIPTION_TITLE","type":"label","valueKey":"ADMIN_SITE_AUTHENTICATION_AUTHORITY_LDAP_DESCRIPTION","showIf":["CONTROLLER_CLASS","LDAPAuthentication"]},
                    "LDAP_HOST":{"labelKey":"ADMIN_SITE_AUTHENTICATION_AUTHORITY_LDAP_HOST_TITLE","descriptionKey":"ADMIN_SITE_AUTHENTICATION_AUTHORITY_LDAP_HOST_DESCRIPTION","type":"text","showIf":["CONTROLLER_CLASS",["LDAPAuthentication","ActiveDirectoryAuthentication"]]},
                    "LDAP_POST":{"labelKey":"ADMIN_SITE_AUTHENTICATION_AUTHORITY_LDAP_PORT_TITLE","type":"text","showIf":["CONTROLLER_CLASS",["LDAPAuthentication","ActiveDirectoryAuthentication"]],"descriptionKey":"ADMIN_SITE_AUTHENTICATION_AUTHORITY_LDAP_PORT_DESCRIPTION","placeholder":"389","omitBlankValue":true},
                    "LDAP_SEARCH_BASE":{"labelKey":"ADMIN_SITE_AUTHENTICATION_AUTHORITY_LDAP_SEARCH_BASE_TITLE","descriptionKey":"ADMIN_SITE_AUTHENTICATION_AUTHORITY_LDAP_SEARCH_BASE_DESCRIPTION","type":"text","showIf":["CONTROLLER_CLASS",["LDAPAuthentication","ActiveDirectoryAuthentication"]],"placeholder":"dc=example,dc=com"},
                    "LDAP_USER_SEARCH_BASE":{"labelKey":"ADMIN_SITE_AUTHENTICATION_AUTHORITY_LDAP_USER_SEARCH_BASE_TITLE","type":"text","showIf":["CONTROLLER_CLASS","LDAPAuthentication"],"descriptionKey":"ADMIN_SITE_AUTHENTICATION_AUTHORITY_LDAP_USER_SEARCH_BASE_DESCRIPTION","placeholder":""},
                    "LDAP_USER_UID_FIELD":{"labelKey":"ADMIN_SITE_AUTHENTICATION_AUTHORITY_LDAP_UID_FIELD_TITLE","type":"text","showIf":["CONTROLLER_CLASS","LDAPAuthentication"],"descriptionKey":"ADMIN_SITE_AUTHENTICATION_AUTHORITY_LDAP_UID_FIELD_DESCRIPTION","placeholder":"uid","omitBlankValue":true},
                    "LDAP_USER_EMAIL_FIELD":{"labelKey":"ADMIN_SITE_AUTHENTICATION_AUTHORITY_LDAP_EMAIL_FIELD_TITLE","type":"text","showIf":["CONTROLLER_CLASS","LDAPAuthentication"],"descriptionKey":"ADMIN_SITE_AUTHENTICATION_AUTHORITY_LDAP_EMAIL_FIELD_DESCRIPTION","placeholder":"mail","omitBlankValue":true},
                    "LDAP_USER_FIRSTNAME_FIELD":{"labelKey":"ADMIN_SITE_AUTHENTICATION_AUTHORITY_LDAP_FIRSTNAME_FIELD_TITLE","type":"text","showIf":["CONTROLLER_CLASS","LDAPAuthentication"],"descriptionKey":"ADMIN_SITE_AUTHENTICATION_AUTHORITY_LDAP_FIRSTNAME_FIELD_DESCRIPTION","placeholder":"givenName","omitBlankValue":true},
                    "LDAP_USER_LASTNAME_FIELD":{"labelKey":"ADMIN_SITE_AUTHENTICATION_AUTHORITY_LDAP_LASTNAME_FIELD_TITLE","type":"text","showIf":["CONTROLLER_CLASS","LDAPAuthentication"],"descriptionKey":"ADMIN_SITE_AUTHENTICATION_AUTHORITY_LDAP_LASTNAME_FIELD_DESCRIPTION","placeholder":"sn","omitBlankValue":true},
                    "LDAP_GROUP_SEARCH_BASE":{"labelKey":"ADMIN_SITE_AUTHENTICATION_AUTHORITY_LDAP_GROUP_SEARCH_BASE_TITLE","type":"text","showIf":["CONTROLLER_CLASS","LDAPAuthentication"],"descriptionKey":"ADMIN_SITE_AUTHENTICATION_AUTHORITY_LDAP_GROUP_SEARCH_BASE_DESCRIPTION","placeholder":"","omitBlankValue":true},
                    "LDAP_GROUP_GROUPNAME_FIELD":{"labelKey":"ADMIN_SITE_AUTHENTICATION_AUTHORITY_LDAP_GROPUNAME_FIELD_TITLE","type":"text","showIf":["CONTROLLER_CLASS","LDAPAuthentication"],"descriptionKey":"ADMIN_SITE_AUTHENTICATION_AUTHORITY_LDAP_GROUPNAME_FIELD_DESCRIPTION","placeholder":"cn","omitBlankValue":true},
                    "LDAP_GROUP_GID_FIELD":{"labelKey":"ADMIN_SITE_AUTHENTICATION_AUTHORITY_LDAP_GID_FIELD_TITLE","type":"text","showIf":["CONTROLLER_CLASS","LDAPAuthentication"],"descriptionKey":"ADMIN_SITE_AUTHENTICATION_AUTHORITY_LDAP_GID_FIELD_DESCRIPTION","placeholder":"gidNumber","omitBlankValue":true},
                    "LDAP_GROUP_MEMBERS_FIELD":{"labelKey":"ADMIN_SITE_AUTHENTICATION_AUTHORITY_LDAP_MEMBERS_FIELD_TITLE","type":"text","showIf":["CONTROLLER_CLASS","LDAPAuthentication"],"descriptionKey":"ADMIN_SITE_AUTHENTICATION_AUTHORITY_LDAP_MEMBERS_FIELD_DESCRIPTION","placeholder":"memberUid","omitBlankValue":true},
                    "LDAP_ADMIN_DN":{"labelKey":"ADMIN_SITE_AUTHENTICATION_AUTHORITY_LDAP_ADMIN_DN_TITLE","type":"text","showIf":["CONTROLLER_CLASS",["LDAPAuthentication","ActiveDirectoryAuthentication"]],"descriptionKey":"ADMIN_SITE_AUTHENTICATION_AUTHORITY_LDAP_ADMIN_DN_DESCRIPTION","omitBlankValue":true, "placeholder":"uid=serviceaccount,cn=users,dc=example,dc=com"},
                    "LDAP_ADMIN_PASSWORD":{"labelKey":"ADMIN_SITE_AUTHENTICATION_AUTHORITY_LDAP_ADMIN_PASSWORD_TITLE","type":"password","showIf":["CONTROLLER_CLASS",["LDAPAuthentication","ActiveDirectoryAuthentication"]],"descriptionKey":"ADMIN_SITE_AUTHENTICATION_AUTHORITY_LDAP_ADMIN_PASSWORD_DESCRIPTION","omitBlankValue":true},
                    "FACEBOOK_DESCRIPTION":{"labelKey":"ADMIN_SITE_AUTHENTICATION_AUTHORITY_DESCRIPTION_TITLE","type":"label","valueKey":"ADMIN_SITE_AUTHENTICATION_AUTHORITY_FACEBOOK_DESCRIPTION","showIf":["CONTROLLER_CLASS","FacebookAuthentication"]},
                    "FACEBOOK_API_KEY":{"labelKey":"ADMIN_SITE_AUTHENTICATION_AUTHORITY_FACEBOOK_API_KEY_TITLE","type":"text","showIf":["CONTROLLER_CLASS","FacebookAuthentication"],"descriptionKey":"ADMIN_SITE_AUTHENTICATION_AUTHORITY_FACEBOOK_API_KEY_DESCRIPTION"},
                    "FACEBOOK_API_SECRET":{"labelKey":"ADMIN_SITE_AUTHENTICATION_AUTHORITY_FACEBOOK_API_SECRET_TITLE","type":"text","showIf":["CONTROLLER_CLASS","FacebookAuthentication"],"descriptionKey":"ADMIN_SITE_AUTHENTICATION_AUTHORITY_FACEBOOK_API_SECRET_DESCRIPTION"},
                    "GOOGLE_DESCRIPTION":{"labelKey":"ADMIN_SITE_AUTHENTICATION_AUTHORITY_DESCRIPTION_TITLE","type":"label","valueKey":"ADMIN_SITE_AUTHENTICATION_AUTHORITY_GOOGLE_DESCRIPTION","showIf":["CONTROLLER_CLASS","GoogleAuthentication"]},
                    "GOOGLEAPPS_DESCRIPTION":{"labelKey":"ADMIN_SITE_AUTHENTICATION_AUTHORITY_DESCRIPTION_TITLE","type":"label","valueKey":"ADMIN_SITE_AUTHENTICATION_AUTHORITY_GOOGLEAPPS_DESCRIPTION","showIf":["CONTROLLER_CLASS","GoogleAppsAuthentication"]},
                    "TWITTER_DESCRIPTION":{"labelKey":"ADMIN_SITE_AUTHENTICATION_AUTHORITY_DESCRIPTION_TITLE","type":"label","valueKey":"ADMIN_SITE_AUTHENTICATION_AUTHORITY_TWITTER_DESCRIPTION","showIf":["CONTROLLER_CLASS","TwitterAuthentication"]},
                    "GOOGLEAPPS_DOMAIN":{"labelKey":"ADMIN_SITE_AUTHENTICATION_AUTHORITY_GOOGLEAPPS_DOMAIN_TITLE","type":"text","showIf":["CONTROLLER_CLASS","GoogleAppsAuthentication"],"descriptionKey":"ADMIN_SITE_AUTHENTICATION_AUTHORITY_GOOGLEAPPS_DOMAIN_DESCRIPTION","placeholder":"example.com"},
                    "OPENID_REALM":{"labelKey":"ADMIN_SITE_AUTHENTICATION_AUTHORITY_OPENID_REALM_TITLE","type":"text","showIf":["CONTROLLER_CLASS",["GoogleAuthentication","GoogleAppsAuthentication"]],"descriptionKey":"ADMIN_SITE_AUTHENTICATION_AUTHORITY_OPENID_REALM_DESCRIPTION","omitBlankValue":true},
                    "GOOGLE_REQUIRE_LOGIN":{"labelKey":"ADMIN_SITE_AUTHENTICATION_AUTHORITY_GOOGLE_REQLOGIN_TITLE","type":"text","showIf":["CONTROLLER_CLASS",["GoogleAuthentication","GoogleAppsAuthentication"]],"descriptionKey":"ADMIN_SITE_AUTHENTICATION_AUTHORITY_GOOGLE_REQLOGIN_DESCRIPTION","omitBlankValue":true},
                    "GOOGLE_OAUTH_DESCRIPTION":{"labelKey":"ADMIN_SITE_AUTHENTICATION_AUTHORITY_GOOGLE_OAUTH_TITLE","type":"label","valueKey":"ADMIN_SITE_AUTHENTICATION_AUTHORITY_GOOGLE_OAUTH_DESCRIPTION","showIf":["CONTROLLER_CLASS",["GoogleAuthentication","GoogleAppsAuthentication"]]},
                    "OAUTH_CONSUMER_KEY":{"labelKey":"ADMIN_SITE_AUTHENTICATION_AUTHORITY_OAUTH_CONSUMER_KEY_TITLE","type":"text","showIf":["CONTROLLER_CLASS",["TwitterAuthentication","GoogleAuthentication","GoogleAppsAuthentication"]],"descriptionKey":"ADMIN_SITE_AUTHENTICATION_AUTHORITY_OAUTH_CONSUMER_KEY_DESCRIPTION","omitBlankValue":true},
                    "OAUTH_CONSUMER_SECRET":{"labelKey":"ADMIN_SITE_AUTHENTICATION_AUTHORITY_OAUTH_CONSUMER_SECRET_TITLE","type":"text","showIf":["CONTROLLER_CLASS",["TwitterAuthentication","GoogleAuthentication","GoogleAppsAuthentication"]],"descriptionKey":"ADMIN_SITE_AUTHENTICATION_AUTHORITY_OAUTH_CONSUMER_SECRET_DESCRIPTION","omitBlankValue":true},
                    "GOOGLE_SCOPE":{"labelKey":"ADMIN_SITE_AUTHENTICATION_AUTHORITY_GOOGLE_SCOPE_TITLE","type":"paragraph","showIf":["CONTROLLER_CLASS",["GoogleAuthentication","GoogleAppsAuthentication"]],"descriptionKey":"ADMIN_SITE_AUTHENTICATION_AUTHORITY_GOOGLE_SCOPE_DESCRIPTION","omitBlankValue":true}
                },
                "sectionindex":"string",
                "sectionsmethod":["AuthenticationAuthority","getDefinedAuthenticationAuthorities"],
                "sectionsnoneKey":"ADMIN_SITE_AUTHENTICATION_AUTHORITY_NONE",
                "sectionvalidatemethod":["AuthenticationAuthority","validateAuthority"],
                "sectionaddprompt":"Enter a short id for this authority. It should contain only alphanumeric characters and no spaces.",
                "showIfSiteVar":["AUTHENTICATION_ENABLED","1"],
                "sectionaddnew":true,
                "sectiondelete":true
            },    
            "authorization":{
                "titleKey":"ADMIN_SITE_AUTHENTICATION_ACL_TITLE",
                "descriptionKey":"ADMIN_SITE_AUTHENTICATION_ACL_DESCRIPTION",
                "config":"acls",
                "sectiontype":"section",
                "fields":  {
                    "type":{"labelKey":"ADMIN_SITE_AUTHENTICATION_ACL_TYPE_TITLE","type":"select","options":{"U":"Access","A":"Admin"}, "descriptionKey":"ADMIN_SITE_AUTHENTICATION_ACL_TYPE_DESCRIPTION"},
                    "action":{"labelKey":"ADMIN_SITE_AUTHENTICATION_ACL_ACTION_TITLE","type":"select","options":{"A":"Allow","D":"Deny"},"descriptionKey":"ADMIN_SITE_AUTHENTICATION_ACL_ACTION_DESCRIPTION"},
                    "scope":{"labelKey":"ADMIN_SITE_AUTHENTICATION_ACL_SCOPE_TITLE","type":"select","options":{"U":"User","G":"Group","E":"Everyone"},"descriptionKey":"ADMIN_SITE_AUTHENTICATION_ACL_SCOPE_DESCRIPTION"},
                    "authority":{"labelKey":"ADMIN_SITE_AUTHENTICATION_ACL_AUTHORITY_TITLE","type":"select","descriptionKey":"ADMIN_SITE_AUTHENTICATION_ACL_AUTHORITY_DESCRIPTION","optionsMethod":["AuthenticationAuthority","getDefinedAuthenticationAuthorityNames"],"optionsFirst":"Any","showIf":["scope",["U","G"]]},
                    "value":{"labelKey":"ADMIN_SITE_AUTHENTICATION_ACL_VALUE_TITLE","type":"text","showIf":["scope",["U","G"]],"descriptionKey":"ADMIN_SITE_AUTHENTICATION_ACL_VALUE_DESCRIPTION"}
                },
                "showIfSiteVar":["AUTHENTICATION_ENABLED","1"],
                "sectionclearvalues":true,
                "sectionsnoneKey":"ADMIN_SITE_AUTHENTICATION_ACL_NONE",
                "sectionindex":"numeric",
                "sectionvalidatemethod":["AccessControlList","validateACL"],
                "sectionsmethod":["Kurogo","getSiteAccessControlListArrays"],
                "sectionaddnew":true,
                "sectiondelete":true
            }
        }
    },
    "cache":{
        "titleKey":"ADMIN_SITE_CACHE_TITLE",
        "descriptionKey":"ADMIN_SITE_CACHE_DESCRIPTION",
        "sectiontype":"fields",
        "fields":{
            "MINIFY_CACHE_TIMEOUT":{"labelKey":"ADMIN_SITE_ERROR_MINIFY_CACHE_TIMEOUT_TITLE","type":"select","optionsMethod":["Kurogo","getLifetimeOptions"],"config":"site","descriptionKey":"ADMIN_SITE_ERROR_MINIFY_CACHE_TIMEOUT_DESCRIPTION","section":"cache"}
        }
    },
    
    "analytics":{
        "titleKey":"ADMIN_SITE_ANALYTICS_TITLE",
        "descriptionKey":"ADMIN_SITE_ANALYTICS_DESCRIPTION",
        "sectiontype":"fields",
        "fields":{
            "GOOGLE_ANALYTICS_ID":{"labelKey":"ADMIN_SITE_ANALYTICS_GOOGLE_TITLE","type":"text","config":"site","descriptionKey":"ADMIN_SITE_ANALYTICS_GOOGLE_DESCRIPTION","section":"analytics","placeholder":" UA-XXXXXXX-X"},
            "GOOGLE_ANALYTICS_DOMAIN":{"labelKey":"ADMIN_SITE_ANALYTICS_GOOGLE_DOMAIN_TITLE","type":"text","config":"site","descriptionKey":"ADMIN_SITE_ANALYTICS_GOOGLE_DOMAIN_DESCRIPTION","section":"analytics"},
            "KUROGO_STATS_TABLE":{"labelKey":"ADMIN_SITE_ANALYTICS_TABLE_TITLE","type":"text","config":"site","descriptionKey":"ADMIN_SITE_ANALYTICS_TABLE_DESCRIPTION","section":"analytics","placeholder":"kurogo_stats_v1"},
            "KUROGO_VISIT_LIFESPAN":{"labelKey":"ADMIN_SITE_ANALYTICS_VISIT_LIFESPAN_TITLE","type":"select","optionsMethod":["Kurogo","getLifetimeOptions"],"config":"site","descriptionKey":"ADMIN_SITE_ANALYTICS_VISIT_LIFESPAN_DESCRIPTION","section":"analytics","placeholder":1800}
        }
    },
    "files":{
        "titleKey":"ADMIN_SITE_FILES_TITLE",
        "descriptionKey":"ADMIN_SITE_FILES_DESCRIPTION",
        "sectiontype":"fields",
        "fields":{
            "LOG_DATE_FORMAT":{"labelKey":"ADMIN_SITE_FILES_DATE_FORMAT_TITLE","type":"text","config":"site","descriptionKey":"ADMIN_SITE_FILES_DATE_FORMAT_DESCRIPTION","section":"log_files"},
            "LOG_DATE_PATTERN":{"labelKey":"ADMIN_SITE_FILES_DATE_PATTERN_TITLE","type":"text","config":"site","descriptionKey":"ADMIN_SITE_FILES_DATE_PATTERN_DESCRIPTION","section":"log_files"},
            "TMP_DIR":{"labelKey":"ADMIN_SITE_FILES_TMP_DIR_TITLE","type":"file","config":"site","descriptionKey":"ADMIN_SITE_FILES_TMP_DIR_DESCRIPTION","section":"log_files","omitBlankValue":true}
        }
    },
    "strings":{
        "titleKey":"ADMIN_SITE_STRINGS_TITLE",
        "descriptionKey":"ADMIN_SITE_STRINGS_DESCRIPTION",
        "sectiontype":"fields",
        "fields":{
            "COPYRIGHT_LINK":{"labelKey":"ADMIN_SITE_STRINGS_COPYRIGHT_LINK_TITLE","type":"text","config":"site","descriptionKey":"ADMIN_SITE_STRINGS_COPYRIGHT_LINK_DESCRIPTION","section":"strings"},
            "COPYRIGHT_NOTICE":{"labelKey":"ADMIN_SITE_STRINGS_COPYRIGHT_NOTICE_TITLE","type":"text","config":"site","descriptionKey":"ADMIN_SITE_STRINGS_COPYRIGHT_NOTICE_DESCRIPTION","section":"strings"},
            "FEEDBACK_EMAIL":{"labelKey":"ADMIN_SITE_STRINGS_FEEDBACK_EMAIL_TITLE","type":"text","config":"site","descriptionKey":"ADMIN_SITE_STRINGS_FEEDBACK_EMAIL_DESCRIPTION","section":"strings"}
        }
    },
    "maintenance":{
        "titleKey":"ADMIN_SITE_MAINTENANCE_TITLE",
        "descriptionKey":"ADMIN_SITE_MAINTENANCE_DESCRIPTION",
        "sectiontype":"fields",
        "fields":{
            "CLEAR_CACHES":{"labelKey":"ADMIN_SITE_MAINTENANCE_CLEAR_CACHES_TITLE","valueKey":"ADMIN_SITE_MAINTENANCE_CLEAR_CACHES_VALUE","type":"action","action":"clearcaches","descriptionKey":"ADMIN_SITE_MAINTENANCE_CLEAR_CACHES_DESCRIPTION"}
        }
    }
}
