{
    "feeds": {
        "titleKey":"CONTENT_ADMIN_FEEDS_TITLE",
        "descriptionKey":"CONTENT_ADMIN_FEEDS_DESCRIPTION",
        "config":"feeds",
        "sectiontype":"section",
        "fields":{
            "section":{"labelKey":"CONTENT_ADMIN_FEEDS_SECTION_TITLE", "descriptionKey":"CONTENT_ADMIN_FEEDS_SECTION_DESCRIPTION", "type":"label"},
            "TITLE":{"labelKey":"CONTENT_ADMIN_FEEDS_TITLE_TITLE","descriptionKey":"CONTENT_ADMIN_FEEDS_TITLE_DESCRIPTION","type":"text"},
            "SUBTITLE":{"labelKey":"CONTENT_ADMIN_FEEDS_SUBTITLE_TITLE","descriptionKey":"CONTENT_ADMIN_FEEDS_SUBTITLE_DESCRIPTION","type":"text"},
            "SHOW_TITLE":{"labelKey":"CONTENT_ADMIN_FEEDS_SHOWTITLE_TITLE","descriptionKey":"CONTENT_ADMIN_FEEDS_SHOWTITLE_DESCRIPTION","type":"checkbox","default":1},
            "CONTENT_TYPE":{"labelKey":"CONTENT_ADMIN_FEEDS_CONTENTTYPE_TITLE", "descriptionKey":"CONTENT_ADMIN_FEEDS_CONTENTTYPE_DESCRIPTION","type":"select","optionsMethod":["ContentWebModule","getContentTypes"]},
            "BASE_URL":{"labelKey":"CONTENT_ADMIN_FEEDS_BASEURL_TITLE","descriptionKey":"CONTENT_ADMIN_FEEDS_BASEURL_DESCRIPTION","type":"text","showIf":["CONTENT_TYPE",["html_url","rss"]]},
            "CONTENT_HTML":{"labelKey":"CONTENT_ADMIN_FEEDS_CONTENTHTML_TITLE","descriptionKey":"CONTENT_ADMIN_FEEDS_CONTENTHTML_DESCRIPTION","type":"paragraph","showIf":["CONTENT_TYPE","html"]},
            "HTML_ID":{"labelKey":"CONTENT_ADMIN_FEEDS_HTMLID_TITLE","descriptionKey":"CONTENT_ADMIN_FEEDS_HTMLID_DESCRIPTION","type":"text","showIf":["CONTENT_TYPE","html_url"],"omitBlankValue":true},
            "HTML_TAG":{"labelKey":"CONTENT_ADMIN_FEEDS_HTMLTAG_TITLE","descriptionKey":"CONTENT_ADMIN_FEEDS_HTMLTAG_DESCRIPTION","type":"text","showIf":["CONTENT_TYPE","html_url"],"omitBlankValue":true},
            "HTML_CLASS":{"labelKey":"CONTENT_ADMIN_FEEDS_HTMLCLASS_TITLE","descriptionKey":"CONTENT_ADMIN_FEEDS_HTMLCLASS_DESCRIPTION","type":"text","showIf":["CONTENT_TYPE","html_url"],"omitBlankValue":true},
            "KUROGO_READER":{"labelKey":"CONTENT_ADMIN_FEEDS_KUROGO_READER_TITLE","descriptionKey":"CONTENT_ADMIN_FEEDS_KUROGO_READER_DESCRIPTION","type":"checkbox","showIf":["CONTENT_TYPE","html_url"],"omitBlankValue":true}
        },
        "sectionindex":"string",
        "sectionsmethod":"loadFeedData",
        "sectionaddnew":true,
        "sectiondelete":true,
        "sectionreorder":true
    }
}
